{
  "display": {
    "title": "Shovel Warning",
    "description": "A shovel is about to break",
    "icon": {
      "item": "minecraft:diamond_shovel"
    },
    "background": "minecraft:textures/gui/advancements/backgrounds/stone.png",
    "show_toast": true,
    "announce_to_chat": false
  },
  "criteria": {
    "shovel_breaking": {
      "trigger": "minecraft:item_durability_changed",
      "conditions": {
        "durability": 25,
        "item": {
          "item": "minecraft:diamond_shovel"
        }
      }
    }
  },
  "rewards": {
    "function": "logical:warnings/shovel_about_to_break"
  }
}
