{
  "type": "crafting_shapeless",
  "group": "corrected_wool",
  "ingredients": [
    {
      "item": "minecraft:white_wool"
    },
    {
      "item": "minecraft:white_wool"
    },
    {
      "item": "minecraft:white_wool"
    },
    {
      "item": "minecraft:white_wool"
    },
    {
      "item": "minecraft:ink_sac"
    },
    {
      "item": "minecraft:white_wool"
    },
    {
      "item": "minecraft:white_wool"
    },
    {
      "item": "minecraft:white_wool"
    },
    {
      "item": "minecraft:white_wool"
    }
  ],
  "result": {
    "item": "minecraft:black_wool",
    "count": 8
  }
}
